{"frames": {

"bg.png":
{
	"frame": {"x":0,"y":0,"w":18,"h":14},
	"rotated": false,
	"trimmed": false,
	"spriteSourceSize": {"x":0,"y":0,"w":18,"h":14},
	"sourceSize": {"w":18,"h":14}
},
"cloud.png":
{
	"frame": {"x":374,"y":0,"w":100,"h":100},
	"rotated": false,
	"trimmed": false,
	"spriteSourceSize": {"x":0,"y":0,"w":100,"h":100},
	"sourceSize": {"w":100,"h":100}
},
"earthen_floor.png":
{
	"frame": {"x":0,"y":300,"w":500,"h":100},
	"rotated": false,
	"trimmed": false,
	"spriteSourceSize": {"x":0,"y":0,"w":500,"h":100},
	"sourceSize": {"w":500,"h":100}
},
"fly_1.png":
{
	"frame": {"x":274,"y":0,"w":100,"h":100},
	"rotated": false,
	"trimmed": false,
	"spriteSourceSize": {"x":0,"y":0,"w":100,"h":100},
	"sourceSize": {"w":100,"h":100}
},
"fly_2.png":
{
	"frame": {"x":74,"y":0,"w":100,"h":100},
	"rotated": false,
	"trimmed": false,
	"spriteSourceSize": {"x":0,"y":0,"w":100,"h":100},
	"sourceSize": {"w":100,"h":100}
},
"fly_3.png":
{
	"frame": {"x":174,"y":0,"w":100,"h":100},
	"rotated": false,
	"trimmed": false,
	"spriteSourceSize": {"x":0,"y":0,"w":100,"h":100},
	"sourceSize": {"w":100,"h":100}
},
"good_spire.png":
{
	"frame": {"x":0,"y":100,"w":200,"h":200},
	"rotated": false,
	"trimmed": false,
	"spriteSourceSize": {"x":0,"y":0,"w":200,"h":200},
	"sourceSize": {"w":200,"h":200}
},
"grimes_r.png":
{
	"frame": {"x":18,"y":0,"w":56,"h":82},
	"rotated": false,
	"trimmed": false,
	"spriteSourceSize": {"x":0,"y":0,"w":56,"h":82},
	"sourceSize": {"w":56,"h":82}
}},
"meta": {
	"app": "https://www.codeandweb.com/texturepacker",
	"version": "1.0",
	"image": "spritesheet.png",
	"format": "RGBA8888",
	"size": {"w":500,"h":400},
	"scale": "1",
	"smartupdate": "$TexturePacker:SmartUpdate:2a1458c594471ef883fe847b65b66dc0:26eafe14be3d63e2b4da4f7118f09fa5:729adc6043343cfda41c447ce8f464d6$"
}
}
